window,spec,beta,se,t,p,n,r2
ret_close_close,simple,0.30039903980778804,0.3446366560124881,0.8716398402986562,0.3834048891007886,196,0.0042698902634529246
ret_close_close,with_controls,0.31364491004403794,0.4072434677695359,0.7701656008428193,0.4412016662656313,196,0.006919610371459495
ret_overnight,simple,0.2921613260093791,0.24265964163334902,1.2039963631481232,0.22859098422544932,196,0.008685761199871411
ret_overnight,with_controls,0.3250209829169497,0.33074250718669357,0.9827009708597442,0.32575463275817806,196,0.017062505831446195
ret_intraday,simple,0.008237713798409527,0.20260078940294074,0.04065983070789534,0.9675670855464863,196,7.146009859071434e-06
ret_intraday,with_controls,-0.011376072872911536,0.19573865634948412,-0.05811868276340867,0.9536540928527173,196,0.002509622505909914
